tarefa,input,tecnica,resposta,tokens_prompt,tokens_resposta,tempo_ms,tokens_contados
classificacao_ocorrencias,Tentei carregar meu carro mas o cabo não encaixou no meu conector,zero_shot,USO_INCORRETO,135,7,106589,6
classificacao_ocorrencias,Tentei carregar meu carro mas o cabo não encaixou no meu conector,few_shot,FALHA_HARDWARE,242,6,3258,5
classificacao_ocorrencias,Tentei carregar meu carro mas o cabo não encaixou no meu conector,chain_of_thought,FALHA_HARDWARE,251,6,2786,5
classificacao_ocorrencias,Tentei carregar meu carro mas o cabo não encaixou no meu conector,role_prompting,FALHA_CONECTIVIDADE,322,8,2945,7
classificacao_ocorrencias,O app debitou R$30 mas a recarga não iniciou,zero_shot,FALHA_PAGAMENTO,130,8,2814,7
classificacao_ocorrencias,O app debitou R$30 mas a recarga não iniciou,few_shot,FALHA_PAGAMENTO,237,8,2839,7
classificacao_ocorrencias,O app debitou R$30 mas a recarga não iniciou,chain_of_thought,USO_INCORRETO,246,7,2871,6
classificacao_ocorrencias,O app debitou R$30 mas a recarga não iniciou,role_prompting,FALHA_PAGAMENTO,317,8,3076,7
classificacao_ocorrencias,O carregador fica offline toda vez que chove,zero_shot,FALHA_CONECTIVIDADE,127,8,2875,7
classificacao_ocorrencias,O carregador fica offline toda vez que chove,few_shot,FALHA_CONECTIVIDADE,234,8,2908,7
classificacao_ocorrencias,O carregador fica offline toda vez que chove,chain_of_thought,FALHA_CONECTIVIDADE,243,8,2886,7
classificacao_ocorrencias,O carregador fica offline toda vez que chove,role_prompting,FALHA_CONECTIVIDADE,314,8,2936,7
classificacao_ocorrencias,Coloquei o plugue errado e faíscou,zero_shot,USO_INCORRETO,129,7,2756,6
classificacao_ocorrencias,Coloquei o plugue errado e faíscou,few_shot,USO_INCORRETO,236,7,2813,6
classificacao_ocorrencias,Coloquei o plugue errado e faíscou,chain_of_thought,USO_INCORRETO,245,7,2832,6
classificacao_ocorrencias,Coloquei o plugue errado e faíscou,role_prompting,USO_INCORRETO,316,7,2910,6
classificacao_ocorrencias,"Carreguei normalmente, sem nenhum problema",zero_shot,SEM_DEFEITO,127,5,2622,4
classificacao_ocorrencias,"Carreguei normalmente, sem nenhum problema",few_shot,SEM_DEFEITO,234,5,2678,4
classificacao_ocorrencias,"Carreguei normalmente, sem nenhum problema",chain_of_thought,SEMDEREFITO,243,6,2772,5
classificacao_ocorrencias,"Carreguei normalmente, sem nenhum problema",role_prompting,SEM_DEFEITO,314,5,2777,4
extracao_dados_tecnicos,"Carregador Wallbox de 22kW trifásico, conector Tipo 2, compatível com Volvo, BYD e Fiat 500e, instalado no Shopping Iguatemi SP",zero_shot,"Aqui está a resposta estruturada em formato JSON:
```
{
  ""eletroposto"": null,
  ""tipo_conector"": ""Tipo 2"",
  ""potencia_kw"": 22,
  ""duracao_sessao"": null,
  ""erro_reportado"": null,
  ""numero_protocolo"": null
}
```",166,73,6256,72
extracao_dados_tecnicos,"Carregador Wallbox de 22kW trifásico, conector Tipo 2, compatível com Volvo, BYD e Fiat 500e, instalado no Shopping Iguatemi SP",few_shot,"Baseado na estrutura fornecida, aqui está a saída esperada:

{""eletroposto"": ""Shopping Iguatemi SP"", ""tipo_conector"": ""Tipo 2"", ""potencia_kw"": ""22kW"", ""duracao_sessao"": null, ""erro_reportado"": null, ""numero_protocolo"": null}",280,74,6495,73
extracao_dados_tecnicos,"Carregador Wallbox de 22kW trifásico, conector Tipo 2, compatível com Volvo, BYD e Fiat 500e, instalado no Shopping Iguatemi SP",chain_of_thought,"Após raciocínio explicitamente seguindo os passos, obtenho as seguintes informações:

1. Nome ou localização do eletroposto: Shopping Iguatemi SP
2. Tipo de conector utilizado: Tipo 2
3. Potência em kW: 22kW
4. Duração da sessão ou tempo de espera: Não mencionada
5. Erros ou falhas específicas relatadas: Não mencionado
6. Número de protocolo ou código de erro: Não mencionado

Estruturo o JSON com os dados encontrados:

```
{
  ""eletroposto"": ""Shopping Iguatemi SP"",
  ""tipo_conector"": ""Tipo 2"",
  ""potencia_kw"": 22,
  ""duracao_sessao"": null,
  ""erro_reportado"": null,
  ""numero_protocolo"": null
}
```",337,194,13577,193
extracao_dados_tecnicos,"Carregador Wallbox de 22kW trifásico, conector Tipo 2, compatível com Volvo, BYD e Fiat 500e, instalado no Shopping Iguatemi SP",role_prompting,"{
""eletroposto"": ""Wallbox"",
""type_connector"": ""Tipo 2"",
""potencia_kw"": 22,
""duracao_sessao"": null,
""erro_reportado"": null,
""numero_protocolo"": null
}",339,51,5244,50
extracao_dados_tecnicos,"Eletroposto de 50kW DC, padrão CHAdeMO, tensão 400V, localizado na Rodovia Anhanguera km 45",zero_shot,"Aqui está o resultado:

```
{
  ""eletroposto"": ""50kW DC"",
  ""tipo_conector"": ""CHAdeMO"",
  ""potencia_kw"": 50,
  ""duracao_sessao"": null,
  ""erro_reportado"": null,
  ""numero_protocolo"": null
}
```",160,70,6069,69
extracao_dados_tecnicos,"Eletroposto de 50kW DC, padrão CHAdeMO, tensão 400V, localizado na Rodovia Anhanguera km 45",few_shot,"Baseando-me nos exemplos fornecidos, extraio as informações estruturadas do relato sobre a sessão de carregamento:

{""eletroposto"": ""Rodovia Anhanguera km 45"", ""tipo_conector"": ""CHAdeMO"", ""potencia_kw"": ""50kW"", ""duracao_sessao"": null, ""erro_reportado"": null, ""numero_protocolo"": null}",274,90,7335,90
extracao_dados_tecnicos,"Eletroposto de 50kW DC, padrão CHAdeMO, tensão 400V, localizado na Rodovia Anhanguera km 45",chain_of_thought,"Aqui vai a resposta final no formato solicitado:

```json
{
  ""eletroposto"": ""Eletroposto de 50kW DC"",
  ""tipo_conector"": ""CHAdeMO"",
  ""potencia_kw"": 50,
  ""duracao_sessao"": null,
  ""erro_reportado"": null,
  ""numero_protocolo"": null
}
```",331,82,7350,81
extracao_dados_tecnicos,"Eletroposto de 50kW DC, padrão CHAdeMO, tensão 400V, localizado na Rodovia Anhanguera km 45",role_prompting,"{
""eletroposto"": ""50kW DC"",
""type_conector"": ""CHAdeMO"",
""potencia_kw"": 50,
""duracao_sessao"": null,
""erro_reportado"": null,
""numero_protocolo"": null
}",333,54,5754,53
extracao_dados_tecnicos,"Carregador ABB Terra de 175kW, conector CCS2, instalado no Aeroporto de Guarulhos, terminal 2",zero_shot,"Aqui está a resposta estruturada em formato de JSON:
```json
{
  ""eletroposto"": ""ABB"",
  ""tipo_conector"": ""CCS2"",
  ""potencia_kw"": 175,
  ""duracao_sessao"": null,
  ""erro_reportado"": null,
  ""numero_protocolo"": null
}
```
Lembre-se de que o relato não forneceu informações sobre a duração da sessão, erro reportado e número do protocolo, portanto, foram preenchidos com `null` como solicitado.",154,123,9193,122
extracao_dados_tecnicos,"Carregador ABB Terra de 175kW, conector CCS2, instalado no Aeroporto de Guarulhos, terminal 2",few_shot,"Based on the provided examples and format, here is the extracted information in a structured JSON format:

```
{
  ""eletroposto"": ""Aeroporto de Guarulhos, terminal 2"",
  ""tipo_conector"": ""CCS2"",
  ""potencia_kw"": ""175kW"",
  ""duracao_sessao"": null,
  ""erro_reportado"": null,
  ""numero_protocolo"": null
}
```

Let me know if you have any further questions!",268,103,8594,102
extracao_dados_tecnicos,"Carregador ABB Terra de 175kW, conector CCS2, instalado no Aeroporto de Guarulhos, terminal 2",chain_of_thought,"Seguindo os passos de raciocínio:

1. Identifique o nome ou localização do eletroposto mencionado: Eletroposto ABB Terra instalado no Aeroporto de Guarulhos, terminal 2.
2. Procure pelo tipo de conector utilizado: CCS2.
3. Identifique a potência em kW: 175kW.
4. Procure por duração da sessão ou tempo de espera: Ausente.
5. Identifique erros ou falhas específicas relatadas: Ausente.
6. Procure por número de protocolo ou código de erro: Ausente.

Monte o JSON com os dados encontrados:
```
{
  ""eletroposto"": ""ABB Terra instalado no Aeroporto de Guarulhos, terminal 2"",
  ""tipo_conector"": ""CCS2"",
  ""potencia_kw"": 175,
  ""duracao_sessao"": null,
  ""erro_reportado"": null,
  ""numero_protocolo"": null
}
```
Resposta final:
```
{
  ""eletroposto"": ""ABB Terra instalado no Aeroporto de Guarulhos, terminal 2"",
  ""tipo_conector"": ""CCS2"",
  ""potencia_kw"": 175,
  ""duracao_sessao"": null,
  ""erro_reportado"": null,
  ""numero_protocolo"": null
}
```",325,297,19749,296
extracao_dados_tecnicos,"Carregador ABB Terra de 175kW, conector CCS2, instalado no Aeroporto de Guarulhos, terminal 2",role_prompting,"{
""eletroposto"": ""ABB Terra"",
""type_conector"": ""CCS2"",
""potencia_kw"": 175,
""duracao_sessao"": null,
""erro_reportado"": null,
""numero_protocolo"": null
}",327,52,5261,51
extracao_dados_tecnicos,"WEG EVC300 de 300kW DC com conectores CCS2 e CHAdeMO, tensão 800V, localizado no posto Shell da Marginal Pinheiros",zero_shot,"Aqui está o resultado:

```
{
  ""eletroposto"": ""Shell da Marginal Pinheiros"",
  ""tipo_conector"": [""CCS2"", ""CHAdeMO""],
  ""potencia_kw"": 300,
  ""duracao_sessao"": null,
  ""erro_reportado"": null,
  ""numero_protocolo"": null
}
```",163,78,6986,77
extracao_dados_tecnicos,"WEG EVC300 de 300kW DC com conectores CCS2 e CHAdeMO, tensão 800V, localizado no posto Shell da Marginal Pinheiros",few_shot,"Baseando-se nos exemplos fornecidos, extraio as informações estruturadas da sessão de carregamento:

{""eletroposto"": ""Shell da Marginal Pinheiros"", ""tipo_conector"": ""CCS2 e CHAdeMO"", ""potencia_kw"": ""300kW DC"", ""duracao_sessao"": null, ""erro_reportado"": null, ""numero_protocolo"": null}",277,90,7982,89
extracao_dados_tecnicos,"WEG EVC300 de 300kW DC com conectores CCS2 e CHAdeMO, tensão 800V, localizado no posto Shell da Marginal Pinheiros",chain_of_thought,"Seguindo os passos de raciocínio, extraio as informações estruturadas do relato sobre a sessão de carregamento:

```
{
  ""eletroposto"": ""WEG EVC300"",
  ""localizacao"": ""Shell da Marginal Pinheiros"",
  ""tipo_conector"": [""CCS2"", ""CHAdeMO""],
  ""potencia_kw"": 300,
  ""duracao_sessao"": null,
  ""erro_reportado"": null,
  ""numero_protocolo"": null
}
```

Nota: Como não há informações específicas sobre a duração da sessão, erro reportado ou número de protocolo, foram atribuídos valores `null` para essas chaves.",334,157,12000,156
extracao_dados_tecnicos,"WEG EVC300 de 300kW DC com conectores CCS2 e CHAdeMO, tensão 800V, localizado no posto Shell da Marginal Pinheiros",role_prompting,"{
""eletroposto"": ""WEG EVC300"",
""tipo_conector"": [""CCS2"", ""CHAdeMO""],
""potencia_kw"": 300,
""duracao_sessao"": ""?"",
""erro_reportado"": null,
""numero_protocolo"": null
}",336,61,6636,60
extracao_dados_tecnicos,"Carregador AC Schneider de 11kW, Tipo 2 monofásico, instalado no estacionamento do Hospital Albert Einstein",zero_shot,"Aqui está o JSON com as informações estruturadas da sessão de carregamento:
```
{
  ""eletroposto"": ""Hospital Albert Einstein"",
  ""tipo_conector"": ""Tipo 2 monofásico"",
  ""potencia_kw"": 11,
  ""duracao_sessao"": null, // Ausente, pois não há informações sobre a duração da sessão
  ""erro_reportado"": null, // Ausente, pois não há informações sobre erros reportados
  ""numero_protocolo"": null // Ausente, pois não há número de protocolo informado
}
```",153,131,9913,130
extracao_dados_tecnicos,"Carregador AC Schneider de 11kW, Tipo 2 monofásico, instalado no estacionamento do Hospital Albert Einstein",few_shot,"Here is the extracted information in the expected JSON format:

```
{
  ""eletroposto"": ""estacionamento do Hospital Albert Einstein"",
  ""tipo_conector"": ""Tipo 2 monofásico"",
  ""potencia_kw"": ""11kW"",
  ""duracao_sessao"": null,
  ""erro_reportado"": null,
  ""numero_protocolo"": null
}
```",267,84,7347,83
extracao_dados_tecnicos,"Carregador AC Schneider de 11kW, Tipo 2 monofásico, instalado no estacionamento do Hospital Albert Einstein",chain_of_thought,"Aqui está a resposta final no formato solicitado:

```json
{
  ""eletroposto"": ""Hospital Albert Einstein"",
  ""tipo_conector"": ""Tipo 2 monofásico"",
  ""potencia_kw"": 11,
  ""duracao_sessao"": null,
  ""erro_reportado"": null,
  ""numero_protocolo"": null
}
```

Foi feito o raciocínio explicitamente seguindo os passos:

1. Identifique o nome ou localização do eletroposto mencionado: O eletroposto está localizado no estacionamento do Hospital Albert Einstein.
2. Procure pelo tipo de conector utilizado: O conector utilizado é Tipo 2 monofásico.
3. Identifique a potência em kW, se mencionada: A potência do carregador AC Schneider é 11kW.
4. Procure por duração da sessão ou tempo de espera: Não há menção à duração da sessão ou tempo de espera.
5. Identifique erros ou falhas específicas relatadas: Não há menção a erros ou falhas específicas.
6. Procure por número de protocolo ou código de erro: Não há menção a número de protocolo ou código de erro.
7. Monte o JSON com os dados encontrados, null para os ausentes: Foi montado o JSON com as chaves e valores mencionados acima.",324,308,20466,307
extracao_dados_tecnicos,"Carregador AC Schneider de 11kW, Tipo 2 monofásico, instalado no estacionamento do Hospital Albert Einstein",role_prompting,"{
""eletroposto"": ""Schneider"",
""tipo_conector"": ""Tipo 2 monofásico"",
""potencia_kw"": 11,
""duracao_sessao"": ""?"",
""erro_reportado"": null,
""numero_protocolo"": null
}",326,57,6046,56
resposta_suporte,"Paguei R$45 de recarga e o carro não carregou nada, quero meu dinheiro de volta",zero_shot,Entendemos sua frustração em não ter conseguido recarregar seu carro após pagar R$45. Nossa equipe irá verificar o ocorrido e providenciar um reembolso imediato para que você possa continuar a usar o eletroposto com segurança. Estamos trabalhando arduamente para resolver este problema e garantir que nossos serviços sejam de alta qualidade.,149,86,7292,85
resposta_suporte,"Paguei R$45 de recarga e o carro não carregou nada, quero meu dinheiro de volta",few_shot,"**Resposta**

Entendemos sua frustração ao pagar R$45 por recarga e não ter obtido o serviço esperado no eletroposto. Nossa equipe técnica foi acionada para verificar o problema e encontrará uma solução adequada para você. Em até 4 horas, entraremos em contato com a previsão concreta de reparo ou reembolso do valor pago.",261,88,7544,87
resposta_suporte,"Paguei R$45 de recarga e o carro não carregou nada, quero meu dinheiro de volta",chain_of_thought,"**Raciocínio**

1. Identifico que o relato é negativo.
2. Reconheço que o usuário pagou R$45 por recarga, mas não conseguiu carregar o carro, o que é um problema específico.
3. Informo a ação tomada ou próximo passo concreto: Vamos investigar o motivo do erro e contatar o usuário para uma solução.
4. Demonstro urgência real, pois o usuário perdeu tempo e recursos com o serviço não prestado.
5. Fecho com compromisso ou chamada para ação: Estou comprometido em resolvê-lo o mais rápido possível.

**Resposta final**

""Lamento muito que você tenha tido esse problema ao recarregar seu carro. Vamos investigar imediatamente o motivo do erro e entrar em contato com você para uma solução. Estou comprometido em resolver isso o mais rápido possível, e garantirei que você receba seu dinheiro de volta.""",293,217,14901,216
resposta_suporte,"Paguei R$45 de recarga e o carro não carregou nada, quero meu dinheiro de volta",role_prompting,"""Sinto muito que tenha tido essa experiência desagradável com nossa rede de carregamento. Estamos trabalhando arduamente para investigar o motivo pelo qual não houve recarga do seu carro e garantir que isso não ocorra novamente. Em breve, um membro da nossa equipe irá entrar em contato com você para discutir a compensação pela recarga não realizada. Obrigado por sua confiança em nossos serviços e esperamos ter a oportunidade de demonstrar nossa capacidade de atendimento.""",358,116,8973,115
resposta_suporte,"O carregador travou com meu cabo preso por 30 minutos, tive que ligar para o suporte de emergência",zero_shot,"""Entendi como isso deve ter sido frustrante para você! Nossa equipe trabalha arduamente para garantir que nossos produtos sejam confiáveis e seguros. Estou muito preocupado com o fato do carregador travar e atrasar sua atividade por 30 minutos, especialmente quando você precisava do suporte de emergência. Vou enviar um equipe especializada para verificar o seu produto e garantir que esteja funcionando corretamente. Além disso, gostaria de ofertar-lhe um reembolso parcial como forma de compensação por essa experiência desagradável.""",153,135,11340,134
resposta_suporte,"O carregador travou com meu cabo preso por 30 minutos, tive que ligar para o suporte de emergência",few_shot,"Entendemos sua frustração ao ter seu cabo preso no carregador por 30 minutos, sem poder fazer uso do eletroposto durante esse tempo. Nossa equipe técnica trabalha arduamente para garantir que todos os dispositivos estejam funcionando corretamente. Vamos agendar uma revisão especial no local para verificar o problema e garantir que seja resolvido ao mais breve prazo possível.",265,90,7907,89
resposta_suporte,"O carregador travou com meu cabo preso por 30 minutos, tive que ligar para o suporte de emergência",chain_of_thought,"### RACIOCÍNIO

1. Identifico que o relato é negativo.
2. Reconhecemos que houve um problema específico com o carregador, que travou com o cabo preso por 30 minutos, forçando o usuário a ligar para o suporte de emergência.
3. A ação tomada ou próximo passo concreto é investigar a causa do problema e tomar medidas para prevenir futuros incidentes semelhantes.
4. Como o problema foi crítico, demonstraremos urgência real ao informar que estamos trabalhando rapidamente para resolver essa questão.
5. Fechamos com compromisso ao oferecer suporte adicional e apoiamento ao usuário.

### RESPOSTA FINAL

""Lamento muito a inconveniência causada pelo carregador travado com o seu cabo preso por 30 minutos. Estamos trabalhando rapidamente para investigar a causa do problema e tomar medidas para prevenir futuros incidentes semelhantes. Como um passo adicional, oferecemos suporte especializado para ajudá-lo a resolver qualquer outro problema que possa ter surgido. Estou aqui para apoiá-lo.""",297,260,17325,259
resposta_suporte,"O carregador travou com meu cabo preso por 30 minutos, tive que ligar para o suporte de emergência",role_prompting,"""Entendi a frustração que experimentou ao ter o carregador travado com seu cabo preso por 30 minutos. Gostaria de informá-lo que tomamos medidas imediatas para solucionar o problema e garantir que isso não ocorra novamente. Nossa equipe técnica está trabalhando para atualizar o sistema e prevenir futuras interrupções. Em breve, você receberá um update com as alterações implementadas.""",362,97,7936,96
resposta_suporte,"App cobrou sessão que nunca iniciou, já é a segunda vez esse mês",zero_shot,"Entendemos que isso pode ser frustrante para você. Estamos investigando o motivo pelo qual o aplicativo cobrou sessão mesmo quando não havia sido iniciada, e trabalharemos para corrigir essa situação. Como um passo inicial, pedimos que você nos forneça mais detalhes sobre a sessão em questão, para que possamos melhorar nossos processos e evitar que isso aconteça novamente.",143,92,7473,91
resposta_suporte,"App cobrou sessão que nunca iniciou, já é a segunda vez esse mês",few_shot,"Entendemos sua frustração - não iniciar sessões é um obstáculo importante para você e sua experiência com o eletroposto do Ibirapuera. Já estamos trabalhando para resolver esse problema, escalamos a ocorrência para nossa equipe de suporte técnico regional com prioridade alta. Nossa equipe entrará em contato em até 4 horas para fornecer uma previsão concreta de resolução. Estamos comprometidos em garantir que você possa aproveitar ao máximo sua sessão sem mais problemas.",255,117,8922,117
resposta_suporte,"App cobrou sessão que nunca iniciou, já é a segunda vez esse mês",chain_of_thought,"Raciocínio:

1. Identifique: A reclamação é negativa.
2. Reconheça: Infelizmente, você já experimentou dois casos de cobrança indevida do aplicativo e isso é um problema real.
3. Informe a ação tomada ou próximo passo concreto: Vamos investigar esses incidentes e reavaliar nossas políticas de cobrança para garantir que não haja mais situações semelhantes no futuro.
4. Demonstre urgência (se o problema foi crítico): Não vamos tolerar que você seja cobrado indevidamente novamente e estamos trabalhando arduamente para encontrar uma solução.
5. Feche com compromisso ou chamada para ação: Estamos comprometidos em fornecer um serviço de alta qualidade e esperamos sua cooperação para ajudar a melhorar nossas práticas.

Resposta final:

""Infelizmente, você já experimentou dois casos de cobrança indevida do aplicativo e isso é um problema real. Vamos investigar esses incidentes e reavaliar nossas políticas de cobrança para garantir que não haja mais situações semelhantes no futuro. Não vamos tolerar que você seja cobrado indevidamente novamente e estamos trabalhando arduamente para encontrar uma solução. Estamos comprometidos em fornecer um serviço de alta qualidade e esperamos sua cooperação para ajudar a melhorar nossas práticas.""",287,324,21151,323
resposta_suporte,"App cobrou sessão que nunca iniciou, já é a segunda vez esse mês",role_prompting,"""Entendi que você enfrentou um problema inesperado com sua sessão no eletroposto. Infelizmente, isso não é apenas um incidente isolado, pois ocorreu pela segunda vez este mês. Estamos trabalhando rapidamente para investigar o motivo e evitar futuras ocasiões semelhantes. Em breve, você receberá uma notificação com as ações que vamos implementar para garantir a estabilidade da sua sessão.""",352,100,8027,99
resposta_suporte,Fiquei esperando o carregador liberar por 1 hora e o status no app nunca atualizou,zero_shot,"Entendemos que você se sentiu frustrado ao esperar durante uma hora pelo carregador do seu eletroposto sem ter qualquer atualização no aplicativo. Lamentamos essa experiência desagradável e estamos trabalhando para melhorar a comunicação entre o app e os nossos serviços. Como medida concreta, iremos revisar o status de disponibilidade dos carregadores em nosso sistema para garantir que você seja notificado imediatamente quando o seu eletroposto estiver pronto.",149,111,8446,110
resposta_suporte,Fiquei esperando o carregador liberar por 1 hora e o status no app nunca atualizou,few_shot,"Entendemos sua frustração ao esperar por mais tempo do que previsto para liberar o carregador no eletroposto do Ibirapuera. Nossa equipe trabalhará arduamente para investigar a causa da demora e implementar correções necessárias. Em seguida, entraremos em contato com você dentro de 2 horas com uma previsão concreta de reparo e um plano de ação para evitar futuras situações semelhantes.",261,106,8234,105
resposta_suporte,Fiquei esperando o carregador liberar por 1 hora e o status no app nunca atualizou,chain_of_thought,"### RACIOCÍNIO

1. Identifique: A reclamação é negativa.
2. Reconheça: Fiquei esperando o carregador liberar por 1 hora, e o status no app não atualizou.
3. Informe a ação tomada ou próximo passo concreto: Vou verificar os logs da aplicação para entender melhor o que ocorreu e tomar medidas para garantir que o status seja atualizado corretamente.
4. Demonstre urgência real (se for crítico): Entendo a frustração de esperar por tanto tempo sem saber o que estava acontecendo, e vou trabalhar para resolvê-lo o mais rápido possível.
5. Feche com compromisso ou chamada para ação: Estou aqui para ajudá-lo e garantir que você possa usar seu eletroposto com confiança.

### RESPOSTA FINAL

Lamento muito que tenha tido essa experiência frustrante. Vou verificar os logs da aplicação para entender melhor o que ocorreu e tomar medidas para garantir que o status seja atualizado corretamente. Estou aqui para ajudá-lo e garantir que você possa usar seu eletroposto com confiança.",293,266,17501,265
resposta_suporte,Fiquei esperando o carregador liberar por 1 hora e o status no app nunca atualizou,role_prompting,"""Entendi sua frustração ao esperar por 1 hora sem que o carregador fosse liberado e não haver atualização no app. Estou investigando o motivo da demora e verificando se houve qualquer problema técnico. Eu vou garantir que você receba uma compensação adequada por esse tempo perdido e também vou priorizar a resolução do problema para evitar futuras situações semelhantes. Vou manter você informado sobre os próximos passos e vamos trabalhar juntos para resolver isso.""",358,119,10558,118
resposta_suporte,O carregador indicou 150kW mas meu carro carregou a no máximo 40kW durante toda a sessão,zero_shot,"""Entendemos sua frustração com a taxa de carregamento inferior ao indicado pelo eletroposto. Nossa equipe técnica irá investigar este caso para entender melhor o que ocorreu e tomar medidas corretivas. Em breve, você receberá uma atualização sobre as providências tomadas para garantir um carregamento seguro e eficaz em seu carro.""",153,81,8069,80
resposta_suporte,O carregador indicou 150kW mas meu carro carregou a no máximo 40kW durante toda a sessão,few_shot,"Entendemos sua desapontamento — esperava-se que o carregador do eletroposto Ibirapuera fornecesse a potência indicada de 150kW, mas infelizmente apenas alcançou 40kW. Nossa equipe técnica está investigando imediatamente o problema para identificar a causa e tomar medidas corretivas. Esperamos estar em contato com você em até 2 horas com uma previsão concreta de reparo ou ajuste para garantir que você obtenha a experiência de carregamento projetada.",265,125,9432,124
resposta_suporte,O carregador indicou 150kW mas meu carro carregou a no máximo 40kW durante toda a sessão,chain_of_thought,"Raciocínio:

1. Identifique se o relato é positivo, negativo ou misto: Negativo
2. Reconheça o problema específico sem se esquivar: O carregador indicou 150kW, mas seu carro apenas alcançou 40kW durante a sessão de carregamento.
3. Informe a ação tomada ou próximo passo concreto: Nós iremos verificar o carregador para garantir que esteja funcionando corretamente e realizar ajustes necessários para atingir a potência indicada.
4. Se o problema foi crítico, demonstre urgência real: Sim, porque isso pode afetar a segurança e eficiência do carregamento de seu carro.
5. Feche com compromisso ou chamada para ação: Estamos comprometidos em encontrar uma solução rápida e satisfatória para este problema.

Resposta final:

""Obrigado por ter trazido isso à nossa atenção. Infelizmente, o carregador não alcançou a potência indicada de 150kW, apenas 40kW durante a sessão. Vamos verificar o carregador e realizar ajustes necessários para garantir que esteja funcionando corretamente. Isso é crítico porque pode afetar a segurança e eficiência do carregamento do seu carro. Estamos comprometidos em encontrar uma solução rápida e satisfatória para este problema.""",297,325,21386,324
resposta_suporte,O carregador indicou 150kW mas meu carro carregou a no máximo 40kW durante toda a sessão,role_prompting,"""Entendi seu constrangimento ao verificar que o carregador não alcançou a potência esperada para seu veículo. Nossa equipe técnica está investigando o motivo da diferença entre as informações do eletroposto (150kW) e a realização da carga (40kW). Em breve, você receberá um email com os resultados da análise e uma proposta de resolução para garantir que sua próxima sessão de carregamento seja eficaz. Muito obrigado por nos ter alertado sobre isso.""",362,118,9551,117
